 <root>
 <parms>
 <functions_list>
  <Func id="0" menu="Start" type="5" /> 
  <Func id="41" menu="optionsd" type="5" />
  <Func id="42" menu="optionsad" type="5" />
  <Func id="43" menu="optionsg" type="5" />

  <Func id="2" menu="PeriodicRestd" type="1" status="1" /> 
  <Func id="3" menu="availbilitypositiond" type="1" status="1" /> 
  <Func id="4" menu="casualitypositiond" type="1" status="1" /> 
  <Func id="5" menu="Bookedpositiond" type="1" status="1" /> 
  
  <Func id="6" menu="PeriodicRestad" type="1" status="1" /> 
  <Func id="7" menu="availbilitypositionad" type="1" status="1" /> 
  <Func id="8" menu="casualitypositionad" type="1" status="1" /> 
  <Func id="9" menu="Bookedpositionad" type="1" status="1" /> 
  
  <Func id="10" menu="PeriodicRestg" type="1" status="1" /> 
  <Func id="11" menu="availbilitypositiong" type="1" status="1" /> 
  <Func id="12" menu="casualitypositiong" type="1" status="1" /> 
  <Func id="13" menu="Bookedpositiong" type="1" status="1" /> 
 </functions_list>
 <data_list>
  <DataMenu nickName="pfnumber" id="22" menu="PFNumber" /> 
  </data_list>

 <others>
  <server name="localhost" /> 
  <invalidOption wave="invalidOption.wav" /> 
  <invalidInput wave="invalidInput.wav" /> 
  <didNotHear wave="didNotHear.wav" /> 
  <onWrongSpeechRecognition wave="sorry_recognition-failed.wav" /> 
  <NoKeyEntered wave="YouHaveNotPressedAnyKey.wav" /> 
  <HangingUp wave="Hangingup.wav" /> 
  <tooManyFailedAttempts tries="2" warnWave="YouCannotAccessThisFunctionWithCredentialsProvided.wav" finalWave="IAmDisconnYouHaveFailedInASecFunTooManyTimes.wav" /> 
  <Default_prepend_audio_for_confirm_of_data_from_user wave="Did_you_say.wav" /> 
  <confirmationTime value="5000" /> 
  <recording redo="rerecord.wav" save="saverecord.wav" listen="listen.wav" /> 
 <OnErrors msg="exception_occured_please_call_23305484" log="/logs/exceptions" email="admin@foo.com" sms="9845045500" smsText="ErrorOnIVR" call="36" fax="36" faxTextFile="files/err_fax.txt">
 <AudioToPlayOnErrors playOnlyForCID="1" CID="23322709">
  <ErrorAnnouncement type="1" waveFile="ImproperConfiguration.wav" /> 
  <ErrorAnnouncement type="2" waveFile="MissingTranslatorFiles.wav" /> 
  <ErrorAnnouncement type="3" waveFile="DB_Errors.wav" /> 
  <ErrorAnnouncement type="0" waveFile="Default_ErrorMessage.wav" /> 
  </AudioToPlayOnErrors>
 <ExitOnError>
  <Exit type="1" waveFileToPlayBeforeAction="disconnecting.wav" /> 
  <Exit type="2" waveFileToPlayBeforeAction="restarting.wav" /> 
  <Exit type="0" /> 
  </ExitOnError>
  </OnErrors>
  </others>
  </parms>
 <menus>

<menu id="0" type="5" multiStage="0" name="start">
 <Collection coll_type="2" no_of_digits="1">
  <prompt wait="30000" wav="drv_assg_gua.wav" /> 
  </Collection>
 <Navigate>
  <Redirect ans="1" goto="41" /> 
  <Redirect ans="2" goto="42" /> 
  <Redirect ans="3" goto="43" />
  </Navigate>
  </menu>

<menu id="41" type="5" multiStage="0" name="optionsd">
  <Collection coll_type="2" no_of_digits="1">
   <prompt wait="30000" wav="MainChoices.wav" /> 
  </Collection>
  <Navigate>
   <Redirect ans="1" goto="2"/> 
   <Redirect ans="2" goto="3"/> 
   <Redirect ans="3" goto="4"/>
   <Redirect ans="4" goto="5"/> 
  </Navigate>
</menu>



<menu id="42" type="5" multiStage="0" name="optionsad">
 <Collection coll_type="2" no_of_digits="1">
  <prompt wait="30000" wav="MainChoices.wav" /> 
  </Collection>
 <Navigate>
  <Redirect ans="1" goto="6"/> 
  <Redirect ans="2" goto="3"/> 
  <Redirect ans="3" goto="8"/>
  <Redirect ans="4" goto="9"/> 
 
  </Navigate>
  </menu>



<menu id="43" type="5" multiStage="0" name="optionsg">
 <Collection coll_type="2" no_of_digits="1">
  <prompt wait="30000" wav="MainChoices.wav" /> 
  </Collection>
 <Navigate>
  <Redirect ans="1" goto="10"/> 
  <Redirect ans="2" goto="3"/> 
  <Redirect ans="3" goto="12"/>
  <Redirect ans="4" goto="13"/> 
 </Navigate>
</menu>



 
 <menu id="22" type="2" multiStage="0" name="PFNumber" DumpAfterUse="1" confirm="1" datatype="1" prepend_audioForConfirm="DidYouPress.wav" audioForConfirmFile="files/gati_clients_audioWav.txt" append_audioForConfirm="press_*_wrong.wav">
 <Collection coll_type="2" no_of_digits="8">
  <prompt wait="50000" wav="PfNumber.wav" /> 
 </Collection>
  <NoMatch attempts="1" action="0" nextAttemptMessage="ThereIsNoMatchForTheAlphaEntered.wav" finalFailureExitMessage="" /> 
  </menu>



<menu id="2" type="1" name="PeriodicRestd" confirmMessage="CONFIRM.wav">
 <req_data>
  <PFNumber/> 
  </req_data>
 <Process type="1">
 <ExtractFromDB type="1" serverName="192.168.1.1"  db="oracle" dbname="oracle1" auth="javacrew:javacrew">
 <SQL string="select prto,prhours from prd where prto>=sysdate and">
 <args>
  <arg type="1" name="PFNumber" fieldName="pfnodriver" db_datatype="2" /> 
  </args>
  </SQL>
 <req_output>
   <field name="prto" datatype="2" /> 
   <field name="prhours" datatype="1" /> 
  </req_output>
  </ExtractFromDB>
 <outcomes>
  <outcome>
 <condition>
  <lhs type="2" datatype="1" fieldName="prhours" /> 
  <equator value=">" /> 
  <rhs type="3" value="0" /> 
  </condition>
 <announce>
  <wave type="1" value="periodicis.wav" /> 		
	
  <wave type="2" sourceType="2" dataType="1" sourceName="prhours" /> 
<wave type="1" value="hours.wav" />	
  <wave type="1" value="periodicis1.wav" /> 		
  <wave type="2" sourceType="2" dataType="5R+T" sourceName="prto" /> 
  
  </announce>
  <divert type="1" id="0" /> 
  </outcome>
  <outcome>
 <condition>
  <lhs type="2" datatype="1" fieldName="prhours" /> 
  <equator value="=" /> 
  <rhs type="3" value="NULL" /> 
  </condition>
 <announce>
  <wave type="1" value="dataNotFound.wav" /> 		

  </announce>
  <divert type="1" id="0" /> 
  </outcome>

 </outcomes>
  </Process>
  </menu>



 <menu id="3" type="1" name="availbilitypositiond" confirmMessage="CONFIRM.wav">
 	<req_data>
		 <PFNumber/> 
 	</req_data>
 	<Process type="3">
 		<MsgData port="29888" serverName="localhost" >
 			<Class name="PositionInfo">
 				<args>
  				<arg  sourceName="PFNumber"/> 
 				<arg  value="DRIVER"/> 
  				</args>
  				<output name="slno"/>
			</Class>
 		</MsgData>
		<outcomes>

			<outcome> 
			<condition>
			<lhs type="4" name="slno" /> 
  			<equator value=">" /> 
  			<rhs type="3" value="0" /> 
  			</condition>

			<announce>
			<wave type="1" value="availabilityis.wav" />
			<wave type="2" sourceType="4" dataType="1" sourceName="slno" />

  			</announce>
		<divert type="1" id="0" /> 
		  </outcome>


			<outcome> 
			<condition>
			<lhs type="2" fieldName="slno" /> 
  			<equator value="=" /> 
  			<rhs type="3" value="null" /> 
  			</condition>

			<announce>
				<wave type="1" value="dataNotFound.wav" /> 
  			</announce>
		<divert type="1" id="0" /> 
		  </outcome>

		</outcomes>
  	</Process>
 </menu>




<menu id="4" type="1" name="casualitypositiond" confirmMessage="CONFIRM.wav">
 <req_data>
  <PFNumber/> 
  </req_data>
 <Process type="1">
 <ExtractFromDB type="1" serverName="192.168.1.1"  db="oracle" dbname="oracle1" auth="javacrew:javacrew">
 <SQL string="select date1,pfnodriver from CASUALTYD where casualtyover=0 and">
 <args>
  <arg type="1" name="PFNumber" fieldName="pfnodriver" db_datatype="2" /> 
  </args>
  </SQL>
 <req_output>
   <field name="date1" datatype="2" />
	<field name="pfnodriver" datatype="2" />    
  </req_output>
  </ExtractFromDB>
 <outcomes>
  <outcome>
 <condition>
  <lhs type="2" datatype="1" fieldName="pfnodriver" /> 
  <equator value=">" /> 
  <rhs type="3" value="0" /> 
  </condition>
 <announce>
<wave type="1" value="sanctioned.wav" /> 
  <wave type="2" sourceType="2" dataType="5R+T" sourceName="date1"/>

  </announce>
  <divert type="1" id="0" /> 
  </outcome>
  <outcome>
 <condition>
  <lhs type="2" datatype="1" fieldName="pfnodriver" /> 
  <equator value="=" /> 
  <rhs type="3" value="NULL" /> 
  </condition>
 <announce>
  <wave type="1" value="leave.wav" /> 
  <wave type="1" value="notsanctioned.wav" /> 
  

  </announce>
  <divert type="1" id="0" /> 
  </outcome>

 </outcomes>
  </Process>
  </menu>


<menu id="5" type="1" name="Bookedpositiond" confirmMessage="CONFIRM.wav">
 <req_data>
  <PFNumber/>
 </req_data>
 <Process type="1">
 <ExtractFromDB type="4" serverName="192.168.1.1" db="oracle" port="1521" dbname="oracle1" auth="javacrew:javacrew">
 <SQL string="select bd.slno,bd.trainno,bd.departure from bookingdriver bd,CURRAVAILD cv where cv.BOOKED = 1 and bd.pfnodriver='$pfnumber$' order by (bd.slno) desc">
 
  </SQL>
 <req_output>
  <field no="1" name="slno" /> 
  <field no="2" name="tno"/> 
  <field no="3" name="depart" /> 
   </req_output>
  </ExtractFromDB>
 <outcomes>

<outcome> 
			<condition>
			<lhs type="2" fieldName="slno" /> 
  			<equator value=">" /> 
  			<rhs type="3" value="0" /> 
  			</condition>

			<announce>
			<wave type="1" value="bookedposition.wav" />
			<wave type="1" value="on.wav" />
			<wave type="2" sourceType="2" dataType="5R+T" sourceName="depart" />
 			</announce>
		<divert type="1" id="0" /> 
		  </outcome>


			<outcome> 
			<condition>
			<lhs type="2" fieldName="slno" /> 
  			<equator value="=" /> 
  			<rhs type="3" value="null" /> 
  			</condition>

			<announce>
				<wave type="1" value="dataNotFound.wav" /> 
  			</announce>
		<divert type="1" id="0" /> 
		  </outcome>
 


</outcomes>
	</Process>
	</menu>
	
	
	
	
	
	<!--  for assiatant driver-->
	
	
	<menu id="6" type="1" name="PeriodicRestad" confirmMessage="CONFIRM.wav">
 <req_data>
  <PFNumber/> 
  </req_data>
 <Process type="1">
 <ExtractFromDB type="1" serverName="192.168.1.1"  db="oracle" dbname="oracle1" auth="javacrew:javacrew">
 <SQL string="select prto,prhours from prad where prto>=sysdate and">
 <args>
  <arg type="1" name="PFNumber" fieldName="PFNOASSISTANT" db_datatype="2" /> 
  </args>
  </SQL>
 <req_output>
   <field name="prto" datatype="2" /> 
   <field name="prhours" datatype="1" /> 
  </req_output>
  </ExtractFromDB>
 <outcomes>
  <outcome>
 <condition>
  <lhs type="2" datatype="1" fieldName="prhours" /> 
  <equator value=">" /> 
  <rhs type="3" value="0" /> 
  </condition>
 <announce>
  <wave type="1" value="periodicis.wav" /> 		
	
  <wave type="2" sourceType="2" dataType="1" sourceName="prhours" /> 
<wave type="1" value="hours.wav" />	
  <wave type="1" value="periodicis1.wav" /> 		
  <wave type="2" sourceType="2" dataType="5R+T" sourceName="prto" /> 
  
  </announce>
  <divert type="1" id="0" /> 
  </outcome>
  <outcome>
 <condition>
  <lhs type="2" datatype="1" fieldName="prhours" /> 
  <equator value="=" /> 
  <rhs type="3" value="NULL" /> 
  </condition>
 <announce>
  <wave type="1" value="dataNotFound.wav" /> 		

  </announce>
  <divert type="1" id="0" /> 
  </outcome>

 </outcomes>
  </Process>
  </menu>



 <menu id="7" type="1" name="availbilitypositionad" confirmMessage="CONFIRM.wav">
 	<req_data>
		 <PFNumber/> 
 	</req_data>
 	<Process type="3">
 		<MsgData port="29888" serverName="localhost" >
 			<Class name="PositionInfo">
 				<args>
  				<arg  sourceName="PFNumber"/> 
 				<arg  value="ASSISTANT"/> 
  				</args>
  				<output name="slno"/>
			</Class>
 		</MsgData>
		<outcomes>

			<outcome> 
			<condition>
			<lhs type="4" name="slno" /> 
  			<equator value=">" /> 
  			<rhs type="3" value="0" /> 
  			</condition>

			<announce>
			<wave type="1" value="availabilityis.wav" />
			<wave type="2" sourceType="4" dataType="1" sourceName="slno" />

  			</announce>
		<divert type="1" id="0" /> 
		  </outcome>


			<outcome> 
			<condition>
			<lhs type="2" fieldName="slno" /> 
  			<equator value="=" /> 
  			<rhs type="3" value="null" /> 
  			</condition>

			<announce>
				<wave type="1" value="dataNotFound.wav" /> 
  			</announce>
		<divert type="1" id="0" /> 
		  </outcome>

		</outcomes>
  	</Process>
 </menu>



<menu id="8" type="1" name="casualitypositionad" confirmMessage="CONFIRM.wav">
 <req_data>
  <PFNumber/> 
  </req_data>
 <Process type="1">
 <ExtractFromDB type="1" serverName="192.168.1.1"  db="oracle" dbname="oracle1" auth="javacrew:javacrew">
 <SQL string="select date1,pfnoassistant from CASUALTYAD where casualtyover=0 and">
 <args>
  <arg type="1" name="PFNumber" fieldName="PFNOASSISTANT" db_datatype="2" /> 
  </args>
  </SQL>
 <req_output>
   <field name="date1" datatype="2" />
	<field name="pfnoassistant" datatype="2" />    
  </req_output>
  </ExtractFromDB>
 <outcomes>
  <outcome>
 <condition>
  <lhs type="2" datatype="1" fieldName="pfnoassistant" /> 
  <equator value=">" /> 
  <rhs type="3" value="0" /> 
  </condition>
 <announce>
<wave type="1" value="sanctioned.wav" /> 
  <wave type="2" sourceType="2" dataType="5R+T" sourceName="date1"/>

  </announce>
  <divert type="1" id="0" /> 
  </outcome>
  <outcome>
 <condition>
  <lhs type="2" datatype="1" fieldName="pfnoassistant" /> 
  <equator value="=" /> 
  <rhs type="3" value="NULL" /> 
  </condition>
 <announce>
  <wave type="1" value="leave.wav" /> 
  <wave type="1" value="notsanctioned.wav" /> 
  

  </announce>
  <divert type="1" id="0" /> 
  </outcome>

 </outcomes>
  </Process>
  </menu>


<menu id="9" type="1" name="Bookedpositionad" confirmMessage="CONFIRM.wav">
 <req_data>
  <PFNumber/>
 </req_data>
 <Process type="1">
 <ExtractFromDB type="4" serverName="192.168.1.1" db="oracle" port="1521" dbname="oracle1" auth="javacrew:javacrew">
 <SQL string="select bd.slno,bd.trainno,bd.departure from BOOKINGASSISTANT bd,CURRAVAILAD cv where cv.BOOKED = 1 and bd.PFNOASSISTANT='$pfnumber$' order by (bd.slno) desc">
 
  </SQL>
 <req_output>
  <field no="1" name="slno" /> 
  <field no="2" name="tno"/> 
  <field no="3" name="depart" /> 
   </req_output>
  </ExtractFromDB>
 <outcomes>

<outcome> 
			<condition>
			<lhs type="2" fieldName="slno" /> 
  			<equator value=">" /> 
  			<rhs type="3" value="0" /> 
  			</condition>

			<announce>
			<wave type="1" value="bookedposition.wav" />
			<wave type="1" value="on.wav" />
			<wave type="2" sourceType="2" dataType="5R+T" sourceName="depart" />

  			</announce>
		<divert type="1" id="0" /> 
		  </outcome>


			<outcome> 
			<condition>
			<lhs type="2" fieldName="slno" /> 
  			<equator value="=" /> 
  			<rhs type="3" value="null" /> 
  			</condition>

			<announce>
				<wave type="1" value="dataNotFound.wav" /> 
  			</announce>
		<divert type="1" id="0" /> 
		  </outcome>
 


</outcomes>
	</Process>
	</menu>

	
	
	
	<!-- ends here -->
	
	
	
	
	
	
		
	<!--  for guard-->
	
	
<menu id="10" type="1" name="PeriodicRestg" confirmMessage="CONFIRM.wav">
 <req_data>
  <PFNumber/> 
  </req_data>
 <Process type="1">
 <ExtractFromDB type="1" serverName="192.168.1.1"  db="oracle" dbname="oracle1" auth="javacrew:javacrew">
 <SQL string="select prto,prhours from prg where prto>=sysdate and">
 <args>
  <arg type="1" name="PFNumber" fieldName="PFNOGUARD" db_datatype="2" /> 
  </args>
  </SQL>
 <req_output>
   <field name="prto" datatype="2" /> 
   <field name="prhours" datatype="1" /> 
  </req_output>
  </ExtractFromDB>
 <outcomes>
  <outcome>
 <condition>
  <lhs type="2" datatype="1" fieldName="prhours" /> 
  <equator value=">" /> 
  <rhs type="3" value="0" /> 
  </condition>
 <announce>
  <wave type="1" value="periodicis.wav" /> 		
	
  <wave type="2" sourceType="2" dataType="1" sourceName="prhours" /> 
<wave type="1" value="hours.wav" />	
  <wave type="1" value="periodicis1.wav" /> 		
  <wave type="2" sourceType="2" dataType="5R+T" sourceName="prto" /> 
  
  </announce>
  <divert type="1" id="0" /> 
  </outcome>
  <outcome>
 <condition>
  <lhs type="2" datatype="1" fieldName="prhours" /> 
  <equator value="=" /> 
  <rhs type="3" value="NULL" /> 
  </condition>
 <announce>
  <wave type="1" value="dataNotFound.wav" /> 		

  </announce>
  <divert type="1" id="0" /> 
  </outcome>

 </outcomes>
  </Process>
  </menu>



 <menu id="11" type="1" name="availbilitypositiong" confirmMessage="CONFIRM.wav">
 	<req_data>
		 <PFNumber/> 
 	</req_data>
 	<Process type="3">
 		<MsgData port="29888" serverName="localhost" >
 			<Class name="PositionInfo">
 				<args>
  				<arg  sourceName="PFNumber"/> 
 				<arg  value="GUARD"/> 
  				</args>
  				<output name="slno"/>
			</Class>
 		</MsgData>
		<outcomes>

			<outcome> 
			<condition>
			<lhs type="4" name="slno" /> 
  			<equator value=">" /> 
  			<rhs type="3" value="0" /> 
  			</condition>

			<announce>
			<wave type="1" value="availabilityis.wav" />
			<wave type="2" sourceType="4" dataType="1" sourceName="slno" />
  			</announce>
		<divert type="1" id="0" /> 
		  </outcome>
		<outcome> 
			<condition>
			<lhs type="2" fieldName="slno" /> 
  			<equator value="=" /> 
  			<rhs type="3" value="null" /> 
  			</condition>

			<announce>
				<wave type="1" value="dataNotFound.wav" /> 
  			</announce>
		<divert type="1" id="0" /> 
		  </outcome>

		</outcomes>
  	</Process>
 </menu>
 

<menu id="12" type="1" name="casualitypositiong" confirmMessage="CONFIRM.wav">
 <req_data>
  <PFNumber/> 
  </req_data>
 <Process type="1">
 <ExtractFromDB type="1" serverName="192.168.1.1"  db="oracle" dbname="oracle1" auth="javacrew:javacrew">
 <SQL string="select date1,PFNOGUARD from CASUALTYG where casualtyover=0 and">
 <args>
  <arg type="1" name="PFNumber" fieldName="PFNOGUARD" db_datatype="2" /> 
  </args>
  </SQL>
 <req_output>
   <field name="date1" datatype="2" />
	<field name="PFNOGUARD" datatype="2" />    
  </req_output>
  </ExtractFromDB>
 <outcomes>
  <outcome>
 <condition>
  <lhs type="2" datatype="1" fieldName="PFNOGUARD" /> 
  <equator value=">" /> 
  <rhs type="3" value="0" /> 
  </condition>
 <announce>
<wave type="1" value="sanctioned.wav" /> 
  <wave type="2" sourceType="2" dataType="5R+T" sourceName="date1"/>

  </announce>
  <divert type="1" id="0" /> 
  </outcome>
  <outcome>
 <condition>
  <lhs type="2" datatype="1" fieldName="PFNOGUARD" /> 
  <equator value="=" /> 
  <rhs type="3" value="NULL" /> 
  </condition>
 <announce>
  <wave type="1" value="leave.wav" /> 
  <wave type="1" value="notsanctioned.wav" /> 
  

  </announce>
  <divert type="1" id="0" /> 
  </outcome>

 </outcomes>
  </Process>
  </menu>


<menu id="13" type="1" name="Bookedpositionad" confirmMessage="CONFIRM.wav">
 <req_data>
  <PFNumber/>
 </req_data>
 <Process type="1">
 <ExtractFromDB type="4" serverName="192.168.1.1" db="oracle" port="1521" dbname="oracle1" auth="javacrew:javacrew">
 <SQL string="select bd.slno,bd.trainno,bd.departure from BOOKINGGUARD bd,CURRAVAILAD cv where cv.BOOKED = 1 and bd.PFNOGUARD='$pfnumber$' order by (bd.slno) desc">
 
  </SQL>
 <req_output>
  <field no="1" name="slno" /> 
  <field no="2" name="tno"/> 
  <field no="3" name="depart" /> 
   </req_output>
  </ExtractFromDB>
 <outcomes>

<outcome> 
			<condition>
			<lhs type="2" fieldName="slno" /> 
  			<equator value=">" /> 
  			<rhs type="3" value="0" /> 
  			</condition>

			<announce>
			<wave type="1" value="bookedposition.wav" />
			<wave type="1" value="on.wav" />
			<wave type="2" sourceType="2" dataType="5R+T" sourceName="depart" />

  			</announce>
		<divert type="1" id="0" /> 
		  </outcome>


			<outcome> 
			<condition>
			<lhs type="2" fieldName="slno" /> 
  			<equator value="=" /> 
  			<rhs type="3" value="null" /> 
  			</condition>

			<announce>
				<wave type="1" value="dataNotFound.wav" /> 
  			</announce>
		<divert type="1" id="0" /> 
		  </outcome>
 


</outcomes>
	</Process>
	</menu>

	<!-- ends here -->
</menus>
  <translators>
   <translator id="73" name="alphabets" type="3" /> 
 </translators>
 <diverts>

 <divert id="83" confirm="1" checkIfLifted="1" toType="2" value="31" CCA="1" confirm_wave="I_am_diverting.wav" confirm_type="-" confirmDigit="*" divert_wav="you_are_being_diverted.wav" atLast="end" try_time="1">
 <waiting>
   <wait try_time="2" confirm="1" tell_wait_time="1" time_type="1" confirm_type="+" confirmDigit="*" confirm_wave="wait_conf2.wav" /> 
  </waiting>
 <ad_Banner>
  <file name="ad1.wav" /> 
  <file name="ad2.wav" /> 
  </ad_Banner>
 <cca_data agent_response_time_out="60">
  <info sourceType="1" sourceName="ClientId" nickName="Id" inUrl="1" /> 
  </cca_data>
  <cca_exit app="jsp" slno="4" /> 
 <Recording min="10" max="220" rec_prompt="startRecording.wav" storeAt="/usr/call/ab.wav">
  <fileIdData name="ClientId" /> 
  </Recording>
  </divert>
 <divert id="84" confirm="0" checkIfLifted="0" toType="1" value="31" CCA="0" confirm_wave="I_am_diverting.wav" confirm_type="-" confirmDigit="*" divert_wav="you_are_being_diverted.wav" atLast="end">
 <waiting>
  <wait try_time_minutes="2" tell_wait_time="1" time_type="1" confirm_type="-" confirmDigit="*" confirm_wave="wait_conf.wav" /> 
  </waiting>
 <ad_Banner>
  <file name="ad1.wav" /> 
  <file name="ad2.wav" /> 
  <file name="ad3.wav" /> 
  </ad_Banner>
  </divert>
  </diverts>
</root>
